{"schemaVersion":"1.0","appDefinitionTemplate":{"id":"/providers/Microsoft.PowerApps/apps/","type":"Microsoft.PowerApps/apps","tags":{"primaryDeviceWidth":"1366","primaryDeviceHeight":"768","supportsPortrait":"true","supportsLandscape":"true","primaryFormFactor":"Tablet","showStatusBar":"false","publisherVersion":"3.24082.13","minimumRequiredApiVersion":"2.2.0","hasComponent":"false","hasUnlockedComponent":"false","isUnifiedRootApp":"false","sienaVersion":"20240823T182801Z-3.24082.13.0"},"properties":{"appVersion":"2024-08-23T18:28:01Z","lifeCycleId":"Published","createdByClientVersion":{"major":3,"minor":24082,"build":13,"revision":0,"majorRevision":0,"minorRevision":0},"minClientVersion":{"major":3,"minor":24082,"build":13,"revision":0,"majorRevision":0,"minorRevision":0},"backgroundColor":"RGBA(0,176,240,1)","backgroundImageUri":"/13850325954712578790/N72d8ff9f-1f4d-4b28-b92e-fef1866de05e-logoSmallFile","displayName":"TabletTemplateJDI","description":"","commitMessage":"","appUris":{"documentUri":{"value":"/13850325954712578790/Nd2a8fa77-aa44-4775-9b50-aa76f9654a8d-document.msapp"},"imageUris":[],"additionalUris":[{"isSolutionAware":false,"value":"/13850325954712578790/Na2b858d9-5371-4f7d-b8c4-f01c99a3b2ec-identity.json"}]},"createdTime":"0001-01-01T00:00:00Z","lastModifiedTime":"0001-01-01T00:00:00Z","sharedGroupsCount":0,"sharedUsersCount":0,"connectionReferences":{"7846ed79-e654-4192-a7a1-2046fa4b01ba":{"id":"28363351-6121-4049-a170-2f57e006d781","displayName":"SharePoint","iconUri":"https://connectoricons-prod.azureedge.net/u/jayawan/releases/v1.0.1697/1.0.1697.3786/sharepointonline/icon.png","dataSources":["Theme"],"dependencies":[],"dependents":[],"parameterHints":{},"parameterHintsV2":{},"isOnPremiseConnection":false,"bypassConsent":false,"dataSets":{"https://jdirving.sharepoint.com/sites/PowerAppsStandards":{"dataSources":{"Theme":{"tableName":"cd6ea1cb-05f9-473b-8d6b-ab79d7e17203"}}}},"apiTier":"Standard","isCustomApiConnection":false,"actions":["providers/PowerPlatform.Governance/Operations/Read"]}},"databaseReferences":{},"almMode":"Environment","performanceOptimizationEnabled":false,"canConsumeAppPass":false,"enableModernRuntimeMode":false,"executionRestrictions":{"isTeamsOnly":false,"dataLossPreventionEvaluationResult":{"status":"Compliant","lastEvaluationDate":"2024-08-19T19:34:49.5277174Z","violations":[],"violationsByPolicy":[],"violationErrorMessage":"The app uses the following connectors: shared_sharepointonline."}}},"appType":"ClassicCanvasApp","appComponents":[]}}